nb requete;questions;couts;temps;date;requete_sql
0;;0;0;07/09/2025 12:58;
1;Go Go Go;0;0.24;08/09/2025 09:34;
1;quel est le parc actif 4G du mois de Mai;0;110.33406162261963;22/09/2025 09:33;
1;quel est est l'évolution Year To Date du parc actif 4G au mois d'Avril;0;29.91527032852173;22/09/2025 09:41;
1;quel est la pénétration du parc actif 4G au mois de Mars;0;44.07464528083801;22/09/2025 09:54;
1;quel est l'évolution Year To Date de la pénétration du parc actif 4G du mois de juin;0;28.660403728485107;22/09/2025 10:00;
1;quel est la pénétration des échangeurs Sargal au mois de Mars;0;27.96855092048645;22/09/2025 10:06;
1;quel est lévolution Year To Date de la pénétration des échangeurs Sargal au mois de décémbre 2024;0;30.134178400039673;22/09/2025 10:20;
1;Quelle est l'évolution du ca data par type de souscription data;0;30.16650700569153;22/09/2025 10:27;
1;Donne moi la répartition du Ca data par zone_DRV;0;39.354623317718506;22/09/2025 10:44;
1;Donne moi la répartition du Ca recharge par zone_DRV;0;36.15622425079346;22/09/2025 11:09;
1;Donne moi la répartition du Chiffre d'affaires des recharge par zone_DRV;0;36.61206126213074;22/09/2025 11:17;
1;Quelles sont les types et marques d’appareils les plus utilisés par zone;0;20.596020698547363;22/09/2025 11:23;
1;Quelles sont les types et marques d’appareils les plus utilisés par zone;0;37.85816216468811;22/09/2025 11:46;
1;donne moi la segmentation des Recharges des Clients par département en décembre 2024;0;27.522491693496704;22/09/2025 11:49;
1;Lister les cellules ayant un débit moyen utilisateur inférieur à 1 Mbps sur le mois de mai 2025;0;21.651756286621094;22/09/2025 11:59;
1;Segmenter les clients selon l’intensité d’usage data (actifs réguliers, occasionnels, inactifs).;0;24.099186658859253;22/09/2025 12:01;
1;Segmenter les utilisateurs illiflex selon la fréquence d’usage (nb_j_distinct) et la récence (last_active_date);0;27.95307993888855;22/09/2025 12:29;
1;Détecter le top 20 les profils des clients très engagés à valoriser;0;42.379669427871704;22/09/2025 12:39;
1;Déterminer les meilleures périodes de souscription (jour, mois, année);0;24.49157977104187;22/09/2025 14:43;
1;Donnez le top 10 des communes générant le plus de Chiffre d'affaires via WAVE en 2025;0;27.968512773513794;22/09/2025 15:40;
1;Donnez le top 10 des communes générant le plus de Chiffre d'affaires via le canal WAVE en 2025;0;34.09234309196472;22/09/2025 15:46;
1;Quel est le chiffre d’affaires total généré par les offres data en 2024 ;0;28.51983904838562;22/09/2025 15:57;
1;Quels sont les types d’offres les plus souscrites par les clients JEUNES;0;26.199661254882812;22/09/2025 16:03;
1;Quel est le volume total d’appels sortants vers Expresso en 2024;0;19.93730878829956;22/09/2025 16:18;
1;Quel est le volume total des appels sortants vers la l'opérateur Expresso en 2024;0;20.752565383911133;22/09/2025 16:19;
1;Quel est le volume total des appels ou voix sortants vers la l'opérateur Expresso en 2024;0;23.981255054473877;22/09/2025 16:21;
1;quelle est le volume des appels ou consommation voix par commune pour les clients Mass-Market;0;30.129633903503418;22/09/2025 16:24;
1;Quel est le volume total de données 5G consommées en mars 2025;0;57.83861231803894;23/09/2025 08:56;
1;Quel est le chiffre d’affaires total des offres data pour les clients JEUNES en 2025;0;43.144081354141235;23/09/2025 08:59;
1;donne moi le Top 5 des communes ayant généré le plus de revenus via la canal Seddo;0;25.002394914627075;23/09/2025 09:20;
1;donne moi le Top 5 des communes ayant généré le plus de chiffres d'affaire via la canal Seddo (ca_seddo);0;24.70625901222229;23/09/2025 09:22;
1;Quelle formule tarifaire génère le plus de trafic 4G sur le mois de juin;0;32.36053991317749;23/09/2025 09:25;
1;Quel est le montant total des paiements SENELEC sur le mois de septembre 2024;0;24.367246866226196;23/09/2025 09:28;
1;Donne-moi le nombre d’abonnés ayant souscrit à l'offre ILLIMIX JOUR 500F sur les 3 derniers mois;0;31.901456594467163;23/09/2025 09:37;
1;fait moi la Segmentation des utilisateurs par profils marketing, zones géographiques et formules tarifaires;0;45.89739942550659;23/09/2025 09:51;
1;Quels sont les flux voix sortants depuis la commune de KOUNGHEUL par opérateur;0;32.900816917419434;23/09/2025 09:59;
1;Quel est le revenu moyen par souscription pour l'offre PASS 7 GO;0;33.132943630218506;23/09/2025 10:09;
1;Quel est le cadeau sargal le plus distribué en mai 2025;0;29.500542640686035;23/09/2025 10:21;
1;donne le parc des takers de l'offre illimix data 1300 sur le mois de juin;0;29.57331657409668;23/09/2025 10:33;
1;Donne moi le Ca des offres bundle du mois de mai;0;67.86298990249634;25/09/2025 10:48;
1;quel est le parc actif 4G au mois de Juin;0;31.442314863204956;25/09/2025 10:57;
1;Donne moi la répartition du Ca data par DRV;0;32.47720789909363;25/09/2025 11:02;
1;quelles sont les types et marques d’appareils les plus utilisés par zone;0;22.746708154678345;25/09/2025 11:10;
1;donne moi la segmentation des Recharges Clients par département en décembre 2024;0;36.9850172996521;25/09/2025 11:12;
1;donne moi la lister les cellules ayant un débit moyen utilisateur inférieur à 1 Mbps sur le mois de mai 2025;0;37.08807706832886;25/09/2025 11:17;
1;Top 10 des communes générant le plus de Chiffre d'affaires via WAVE en 2025;0;26.15147638320923;25/09/2025 11:28;
1;Quel est le volume total des appels sortants vers Expresso en 2024;0;20.921800136566162;25/09/2025 11:32;
1;donne moi le Top 5 des communes ayant généré le plus de revenus via Seddo;0;27.860429525375366;25/09/2025 11:34;
1;Quelle formule tarifaire génère le plus de trafic 4G sur le mois de juin;0;29.549435138702393;25/09/2025 11:36;
1;Quels sont les flux voix sortants depuis la commune de KOUNGHEUL par opérateur;0;33.01683688163757;25/09/2025 11:39;
1;Quel est le volume total des appels sortants vers Expresso en 2024;0.014201700000000001;42.52857327461243;25/09/2025 11:46;
1;donne moi le top 5 des communes ayant généré le plus de revenus via Seddo;0.014309800000000001;56.04888296127319;25/09/2025 12:03;
1;Donne moi le volume d’appels par commune pour les clients Mass-Market;0.01705945;76.0165011882782;25/09/2025 12:08;
1;donne moi le top 10 des communes générant le plus de Chiffre d'affaires via WAVE en 2025;0.014117649999999999;54.39044499397278;25/09/2025 12:14;
1;donne moi le top 10 des communes générant le plus de Chiffre d'affaires via WAVE en 2025;0.01556815;68.39192938804626;25/09/2025 14:47;
1;Donne moi la liste des cellules ayant un débit moyen utilisateur inférieur à 1 Mbps sur le mois de mai 2025;0.0123703;52.90367126464844;25/09/2025 15:02;
1;DTop 10 des communes générant le plus de Chiffre d'affaires via WAVE en 2025;0.01420615;60.2531852722168;25/09/2025 15:05;
1;quelles sont les types et marques d’appareils les plus utilisés par zone;0.01878985;79.69913840293884;25/09/2025 15:19;
1;quel est le parc actif 4G au mois de Mai;0.0135734;52.11375951766968;25/09/2025 15:24;
1;Donne moi le Ca des offres bundle du mois de mai;0.0146412;49.71064615249634;25/09/2025 15:27;
1;Donne moi le Ca bundle du mois de Janvier;0.01430115;58.47291874885559;25/09/2025 15:31;
1;Donne moi le Ca des souscriptions bundle du mois de Juin;0.01454975;50.211498975753784;25/09/2025 15:34;
1;Top 10 des communes générant le plus de Chiffre d'affaires via Wave en 2025;0.016110199999999998;47.72301769256592;25/09/2025 15:38;
1;Top 10 des communes générant le plus de Chiffre d'affaires via Wave en 2025;0.01304025;44.41010355949402;25/09/2025 15:41;
1;donnez le top 5 des communes ayant généré le plus de revenus sur les crédit Seddo;0.01548665;60.09504556655884;25/09/2025 15:58;
1;Top 5 des communes ayant généré le plus de revenus sur les crédit Seddo;0;30.658382177352905;25/09/2025 16:04;
1;donne moi la Top 5 des communes ayant généré le plus de revenus sur les crédit Seddo;0;37.55480909347534;25/09/2025 16:15;
1;Donne moi le volume des appels par commune pour les clients Mass-Market;0;39.0263671875;25/09/2025 16:18;
1;Quel est le volume total d’appels sortants vers Expresso en 2024 ;0;20.3138530254364;25/09/2025 16:20;
1;Quel est le volume total d’appels sortants vers Expresso en 2024 ;0;22.3451189994812;25/09/2025 16:21;
1;Quel est le volume total d’appels sortants vers Expresso en 2024;0;18.350030660629272;25/09/2025 16:23;
1;Quel est le volume total d’appels sortants vers Expresso en 2024;0;16.778100967407227;25/09/2025 16:25;
1;Donne moi le top 10 des communes générant le plus de Chiffre d'affaires via WAVE en 2025;0;60.264931440353394;26/09/2025 09:55;
1;Donne moi le top 5 des communes ayant généré le plus de revenus Seddo;0;32.38552236557007;26/09/2025 09:57;
1;Donne moi le top 15 des communes ayant généré le plus de CA avec les crédits OM;0;33.14487338066101;26/09/2025 10:08;
1;je veux le CA hors taxe;0;35.57792615890503;26/09/2025 10:10;
1;je veux le CA hors taxe;0.012225950000000001;40.17951941490173;26/09/2025 10:12;
1;je veux le top 5 des communes ayant généré le plus de revenus via Seddo;0.01513285;46.135034799575806;26/09/2025 10:45;
1;donne moi ca recharge de Janvier;0.0121741;63.27990984916687;26/09/2025 10:47;
1;Donne moi le Top 10 des communes ayant généré le plus de CA WAVE en 2025;0.01464565;47.68317127227783;26/09/2025 10:54;
1;donne moi le nom des cellules ayant un débit moyen utilisateur inférieur à 1 Mbps sur le mois de mai 2025;0;34.99675154685974;26/09/2025 11:00;
1;je veux le top 5 des communes ayant généré le plus de ca Seddo;0;40.69075584411621;26/09/2025 11:08;
1;je veux le top 5 des communes ayant généré le plus de ca Seddo;0.015354200000000002;52.221996784210205;26/09/2025 11:10;
1; je veux la liste des cellules ayant un débit moyen utilisateur inférieur à 1 Mbps sur le mois de mai 2025;0.0119298;47.565690994262695;26/09/2025 11:13;
1;je veux la liste des cellules ayant un débit moyen utilisateur inférieur à 1 Mbps sur le mois de mai 2025;0.01087985;27.254456996917725;26/09/2025 11:19;
1;je veux la liste des cellules ayant un débit moyen utilisateur inférieur à 1 Mbps sur le mois de mai 2025;0.01407895;48.50799751281738;26/09/2025 11:22;
1;donne moi le chiffre d'affaires généré par carte;0;104.3152084350586;28/09/2025 20:19;
1;je veux le Nombre d’abonnés jeunes sur les offres illiflex par région;0;109.84306645393372;29/09/2025 10:13;
1;donne moi le nombre de clients qui sont data user;0;37.878756046295166;29/09/2025 10:22;
1;donne moi le nombre de clients qui sont des data user;0;26.040953159332275;29/09/2025 10:31;
1;donne moi les clients qui font partie du parc actif orange;0;58.97179698944092;29/09/2025 10:48;
1;Quel est le CA data, ca recharge, ca voix par marché sur le T1 2025;0;35.69597411155701;29/09/2025 10:51;
1;donne moi le ca de Aout 2024 à Aout 2025;0;29.163044214248657;29/09/2025 11:29;
1;Quel est le CA généré par le canal OM sur maxit;0;27.647350788116455;29/09/2025 14:19;
1;Donne moi le volume d’appels par commune pour les clients Mass-Market;0.017978749999999998;70.45931005477905;29/09/2025 14:39;
1;Quel est le CA généré par le canal OM sur maxit;0.01453485;47.51941967010498;29/09/2025 14:43;
1;Donne-moi le nombre d’abonnés ayant souscrit à ILLIMIX JOUR 500F sur les 3 derniers mois;0.017230600000000002;55.914024114608765;29/09/2025 14:54;
1;Quel est l'évolution du Chiffre d'affaire entre Janvier et Juin 2025;0.01430785;57.60872936248779;29/09/2025 16:05;
1;Quelle est l'évolution du trafic data;0.0136018;45.76942300796509;30/09/2025 10:29;
1;Quelle est l'évolution du trafic data;0.013362;42.02826929092407;30/09/2025 16:06;
1;Quelle est l'évolution du trafic data;0.014119699999999999;45.19713020324707;30/09/2025 16:09;
1;Quelle est l'évolution du trafic data;0.014959150000000001;63.446974992752075;30/09/2025 16:17;
1;Quelle est l'évolution du trafic data;0.013677149999999999;52.253323554992676;30/09/2025 16:23;
1;Donne moi le volume des appels vers Free;0.0163609;61.59699892997742;30/09/2025 16:25;
1;Donne moi le ca total;0.0121374;41.12076258659363;30/09/2025 16:29;
1;Quelle est l'évolution du trafic data;0.01617055;60.55560231208801;01/10/2025 09:17;
1;donne moi le ca seddo d'Octobre 2024 à Mai 2025;0.0137522;60.86567664146423;01/10/2025 09:23;
1;Donne moi le parc actif orange de 2025;0.01104495;38.51121973991394;01/10/2025 09:29;
1;donne moi le ca des offres illimix;0.012469399999999999;45.06266212463379;01/10/2025 09:37;
1;donne moi le ca des offres bundles;0.014856499999999998;50.649269819259644;01/10/2025 10:12;
1;donne moi le ca des offres de type bundles;0.01243215;43.10291647911072;01/10/2025 10:14;
1;Donne moi le Ca pass internationaux du mois de Mars;0.0146908;38.40666103363037;01/10/2025 10:28;
1;Donne moi le Ca pass généré à l'international au mois de Mars;0.0088823;20.32106852531433;01/10/2025 10:43;
1;Donne moi le Chiffre d'affaire généré par les pass internationaux au Mars 2025;0.0082191;23.8552303314209;01/10/2025 10:48;
1;Donne moi le Chiffre d'affaire généré par les pass internationaux au Mars 2025;0.007559900000000001;16.457895278930664;01/10/2025 10:50;
1;Donne moi le Chiffre d'affaire généré par les pass internationaux au Mars 2025;0;113.98151183128357;01/10/2025 10:53;
1;Donne moi le Chiffre d'affaire généré par les pass internationaux en 2025;0.0092128;20.34549307823181;01/10/2025 11:04;
1;Donne moi le Chiffre d'affaire généré par les pass internationaux en 2025;0;42.03122544288635;01/10/2025 11:06;
1;donne moi le ca cartes;0;37.52028155326843;01/10/2025 11:07;
1;donne moi le ca par cartes bancaires;0;20.352282285690308;01/10/2025 11:09;
1;donne moi le ca cartes;0.012710450000000002;44.804388999938965;01/10/2025 11:10;
1;donne moi le ca cartes et le ca wave;0.0118903;39.98458528518677;01/10/2025 11:12;
1;donne moi le ca cartes;0.013055250000000001;43.39153552055359;01/10/2025 11:14;
1;Donne moi le Ca des pass internationaux en 2025;0.008771999999999999;17.190034866333008;01/10/2025 11:28;
1;Donne moi le Ca des pass internationaux en 2025;0.008941999999999999;20.679652214050293;01/10/2025 11:54;
1;Quelle est l'évolution du ca data par type de souscription;0.0134282;41.51950407028198;01/10/2025 11:56;
1;Donne moi le Ca des pass internationaux en 2025;0.00898595;20.547045707702637;01/10/2025 12:05;
1;Donne moi le Ca des pass internationaux en 2025;0.0123851;41.406567096710205;01/10/2025 12:08;
1;Donne moi le Ca des pass internationaux en 2025;0.013909050000000001;52.2938072681427;01/10/2025 12:17;
1;Donne moi le Ca des souscriptions des pass internationaux en 2025;0.012841949999999998;53.87252593040466;01/10/2025 12:20;
1;Donne moi le Ca des pass internationaux en 2025;0.01226805;46.685962200164795;01/10/2025 12:23;
1;Donne moi le Ca des pass internationaux en 2025;0.011507950000000001;43.84779191017151;01/10/2025 12:29;
1;Donne moi le Ca des pass internationaux en 2025;0;43.008439779281616;01/10/2025 12:46;
1;Donne moi le Ca des pass internationaux en 2025;0;39.04051208496094;01/10/2025 12:54;
1;Donne moi le Ca illiflex;0;59.60921287536621;01/10/2025 12:58;
1;Donne moi le Ca international;0;57.295838832855225;01/10/2025 13:00;
1;Donne moi la répartition du Ca recharge par DRV;0;54.88320851325989;01/10/2025 13:02;
1;Donne moi les types et marques d’appareils les plus utilisés par zone;0;26.061373710632324;01/10/2025 14:12;
1;Donne moi les types et marques d’appareils les plus utilisés par zone;0;28.484651565551758;01/10/2025 14:17;
1;Donne moi les types et marques d’appareils les plus utilisés par zone;0.015485150000000001;48.52485680580139;01/10/2025 14:22;
1;Donne moi les types et marques d’appareils les plus utilisés par zone;0.012911249999999999;64.81962490081787;01/10/2025 14:29;
1;Donne moi les types et marques d’appareils les plus utilisés par zone;0.012946899999999999;35.211283683776855;01/10/2025 14:39;
1;Donne moi les types et model d’appareils les plus utilisés par zone;0.01505425;51.59167146682739;01/10/2025 14:42;
1;Donne moi les types et marques d’appareils les plus utilisés par département;0.01525855;54.14749312400818;01/10/2025 14:50;
1;Donne moi les types et model d’appareils les plus utilisés par les clients par département;0;33.72934603691101;01/10/2025 14:54;
1;Donne moi les modèles d’appareils les plus utilisés par département;0;22.76462149620056;01/10/2025 14:57;
1;Donne moi le Top 10 des communes ayant généré le plus de CA WAVE en 2025;0;59.36129069328308;01/10/2025 15:08;
1;Donne moi le Top 10 des communes ayant généré le plus de CA WAVE en 2025;0;43.79621648788452;01/10/2025 15:10;
1;Quel est le volume total d’appels sortants vers Expresso en 2024 ;0;49.92448401451111;01/10/2025 15:11;
1;Quel est le chiffre d’affaires data total pour les clients JEUNES en 2025;0;38.35085487365723;01/10/2025 15:13;
1;Quelle formule tarifaire a génèré le plus de trafic 4G sur le mois de Janvier;0;44.29412865638733;01/10/2025 15:15;
1;quelle formule tarifaire a généré le plus de trafic 4G en Janvier ;0;62.54241108894348;01/10/2025 15:21;
1;Quel est le montant total des paiements SENELEC;0;17.985103368759155;01/10/2025 15:23;
1;Quel est le montant total des paiements SENELEC sur l'application OM ou Maxit;0;55.01362156867981;01/10/2025 15:26;
1;Quel est le cadeau le plus distribué en mai 2025;0;49.954612731933594;01/10/2025 15:30;
1;je veux le CA hors taxe;0;37.558804750442505;01/10/2025 15:32;
1;donne moi le parc des clients sargal;0;51.47015953063965;01/10/2025 15:34;
1;Quelle est l'évolution du trafic data;0;48.212777614593506;01/10/2025 15:37;
1;Donne moi le ca illiflex de Maxit;0;58.8403434753418;01/10/2025 15:56;
1;Donne moi le ca illiflex et data de Maxit;0;68.14061522483826;01/10/2025 16:07;
1;Donne-moi le nombre d’abonnés ayant souscrit à ILLIMIX JOUR 500F sur les 3 derniers mois;0;48.86610460281372;01/10/2025 16:13;
1;Donne moi le ca illiflex et data généré par l'application Maxit;0;41.65614104270935;01/10/2025 16:15;
1;donne moi le ca des achats data sur l'application maxit;0;45.23374104499817;01/10/2025 16:18;
1;Quels sont les flux voix sortants de Dakar par opérateur;0;39.71620774269104;01/10/2025 16:21;
1;donne moi le parc des takers de l'illimix 1300 DATA sur le mois de juin;0;51.536911964416504;01/10/2025 16:25;
1;donne moi le parc des takers de l'illimix 1300  sur le mois de juin;0;56.41846013069153;01/10/2025 16:33;
1;donne moi le ca illimix;0;50.674952268600464;01/10/2025 16:36;
1;Quel est l'évolution du Chiffre d'affaire entre Janvier et Juin 2025;0;54.948121309280396;02/10/2025 09:32;
1;Quel est l'évolution du Chiffre d'affaire entre Janvier et Juin 2025;0;56.82097291946411;02/10/2025 09:35;
1;Quel est l'évolution du Chiffre d'affaire entre Janvier et Juin 2025;0;48.10172200202942;02/10/2025 09:40;
1;je veux la segmentation des recharges des clients par départements en 2025;0;58.837632179260254;02/10/2025 09:43;
1;Quel est la variation du Ca entre 2 mois consécutifs en 2025;0;64.5411684513092;02/10/2025 09:52;
1;donne moi le parc actif Orange du mois Janvier;0;56.61341905593872;02/10/2025 09:56;
1;quel est l'évolution du parc en Mars;0;51.31434392929077;02/10/2025 09:59;
1;Donne moi le CA data  de Mars;0;61.40433430671692;02/10/2025 10:01;
1;quel est le year to date ( YTD) du ca data au mois d'Avril;0;59.450273513793945;02/10/2025 10:03;
1;Donne mois le Ca souscriptions au mois de Mars;0;54.9724657535553;02/10/2025 10:05;
1;Quel est l'évolution Year To Date du ca des souscriptions  au mois de Mars;0;60.76390194892883;02/10/2025 10:08;
1;Donne moi le Ca des offres bundle du mois de mai;0;54.46916437149048;02/10/2025 10:15;
1;Quel est l'évolution du Chiffre d'affaire entre Janvier et Juin 2025;0;69.28951835632324;02/10/2025 10:18;
1;Quel est l'évolution Year To Date  du ca bundle au mois de Mars;0;76.58210301399231;02/10/2025 10:21;
1;Donne moi le Ca Pass internet du mois de Janvier;0;132.84853672981262;02/10/2025 10:26;
1;Quel est l'évolution du Chiffre d'affaire entre Janvier et Juin 2025;0;64.08282327651978;02/10/2025 10:33;
1;Donne moi le Top 10 des communes ayant généré le plus de CA WAVE en 2025;0;59.084158182144165;02/10/2025 10:35;
1;Donne moi le Top 10 des communes ayant généré le plus de CA WAVE en 2025;0;61.70423483848572;02/10/2025 10:38;
1;Quels sont les types d’offres les plus souscrites par les clients JEUNES;0;390.80038809776306;02/10/2025 10:46;
1;Quel est le volume total d’appels sortants vers Expresso en 2024 ;0;58.90535593032837;02/10/2025 10:49;
1;quelle est le volume d’appels par commune pour les clients Mass-Market;0;64.13988137245178;02/10/2025 10:51;
1;Quel est le volume total de données 5G consommées en mars 2025;0;54.05586838722229;02/10/2025 10:53;
1;Quel est le chiffre d’affaires total généré par les offres data en 2024 ;0;50.4958713054657;02/10/2025 10:55;
1;Quel est l'évolution du Chiffre d'affaire entre Janvier et Juin 2025;0;52.23175072669983;02/10/2025 10:58;
1;je veux la segmentation des recharges des clients par départements en 2025;0;50.651004791259766;02/10/2025 11:00;
1;donne moi le parc actif Orange du mois Janvier;0;60.366389989852905;02/10/2025 11:03;
1;quel est l'évolution du parc en Mars;0;51.555819272994995;02/10/2025 11:06;
1;Donne mois le Ca des souscriptions au mois de Mars;0;51.44014763832092;02/10/2025 11:08;
1;Donne mois le Ca souscriptions au mois de Mars;0;51.84324526786804;02/10/2025 11:10;
1;Quel est l'évolution Year To Date du montant des souscriptions  au mois de Mars;0;52.1415433883667;02/10/2025 11:14;
1;Donne moi le Ca des offres de type bundle;0;54.14926362037659;02/10/2025 11:16;
1;Quel est l'évolution Year To Date des offres de type bundle;0;51.73555064201355;02/10/2025 11:18;
1;Donne moi le Ca Pass internet du mois de Janvier;0;66.85754728317261;02/10/2025 11:20;
1;Donne moi le Ca des souscritions Pass internet du mois de Janvier;0;341.07197403907776;02/10/2025 11:27;
1;Donne moi le Ca des offres Pass internet du mois de Janvier;0;336.2858917713165;02/10/2025 11:33;
1;Donne moi le Ca des offres Illiflex du mois de juin;0;61.53940987586975;02/10/2025 11:35;
1;Donne moi le Ca des offres Illiflex du mois de juin;0;46.86418557167053;02/10/2025 11:37;
1;Quel est l'évolution YTD du ca illiflex au mois de juin;0;46.0431604385376;02/10/2025 11:39;
1;Donne moi le Ca des offres pass internationaux du mois de Mars;0;386.49693274497986;02/10/2025 11:49;
1;Donne moi le Ca des offres pass internationaux du mois de Mars;0;62.39245343208313;02/10/2025 12:06;
1;Donne moi le Ca des souscriptions pass internationaux du mois de Mars;0;53.65244698524475;02/10/2025 12:15;
1;quel est le parc actif 4G au mois de Mai;0;50.86562490463257;02/10/2025 12:17;
1;quel est est l'évolution Year To Date du parc actif 4G au mois d'Avril;0;44.03979682922363;02/10/2025 12:24;
1;quel est la pénétration du parc actif 4G au mois de Mars;0;59.72571682929993;02/10/2025 12:27;
1;quel est la pénétration du parc actif 4G au mois de Mars;0;56.26962757110596;02/10/2025 12:30;
1;quel est l'évolution Year To Date de la pénétration du parc actif 4G au mois de juin;0;49.64287614822388;02/10/2025 12:34;
1;quel est la pénétration des échangeurs Sargal au mois de Mars;0;74.60766935348511;02/10/2025 12:36;
1;Quelle est l'évolution du ca data par type de souscription ;0;64.76784896850586;02/10/2025 13:17;
1;Donne moi la répartition du Ca data par zone DRV;0;59.81054377555847;02/10/2025 13:19;
1;Donne moi la répartition du Ca recharge par zone DRV;0;71.71969604492188;02/10/2025 13:21;
1;donne moi les types et model d’appareils les plus utilisés par zone;0;50.166290044784546;02/10/2025 13:25;
1;Quel est le chiffre d’affaires data total pour les clients JEUNES en 2025;0;49.488256216049194;02/10/2025 13:27;
1;Quelle est le Top 5 des communes ayant généré le plus de ca Seddo;0;65.50276732444763;02/10/2025 13:29;
1;Quelle formule tarifaire génère le plus de trafic 4G sur le mois de juin;0;54.73112344741821;02/10/2025 13:31;
1;Quel est le montant total des paiements SENELEC;0;44.221200942993164;02/10/2025 13:33;
1;Donne-moi le nombre d’abonnés ayant souscrit à ILLIMIX JOUR 500F sur les 3 derniers mois;0;55.923344373703;02/10/2025 13:36;
1;Quels sont les flux voix sortants depuis la commune de KOUNGHEUL par opérateur;0;81.87701392173767;02/10/2025 13:40;
1;Quel est le revenu moyen par souscription pour le PASS 7 GO;0;50.51323580741882;02/10/2025 13:42;
1;Quel est le revenu moyen par souscription pour les offres PASS 7 GO et illimx jour 500f;0;47.204195976257324;02/10/2025 13:44;
1;Quel est le cadeau sargal le plus distribué en mai 2025;0;49.34138345718384;02/10/2025 13:47;
1;donne le parc des takers de l'illimix 1300 DATA sur le mois de juin;0;59.57624173164368;02/10/2025 13:50;
1;donne le parc des takers souscrit à l'offre illimix 1300 DATA sur le mois de juin;0;38.617687463760376;02/10/2025 13:52;
1;je veux le CA hors taxe;0;63.20981025695801;02/10/2025 13:56;
1;donne moi ca recharge de Janvier;0;50.125645875930786;02/10/2025 13:57;
1;donne moi ca recharge ou le ca total de Janvier;0;64.28808784484863;02/10/2025 13:59;
1;je veux le Nombre d’abonnés jeunes sur les offres illiflex par région;0;56.439109325408936;02/10/2025 14:02;
1;donne moi le nombre de clients qui sont des data user;0;67.63243341445923;02/10/2025 14:05;
1;donne le parc des takers des souscriptions de l'offre illimix 1300 DATA;0;51.00220513343811;02/10/2025 14:28;
1;donne le parc des takers des souscriptions de l'offre illimix 1300 DATA;0;68.6568853855133;02/10/2025 15:01;
1;quelle est le parc des takers des souscriptions illimix 1300 DATA;0;67.11598491668701;02/10/2025 15:05;
1;quelle est le parc des takers de l'illimix 1300 DATA;0;58.95474147796631;02/10/2025 15:08;
1;quel est la pénétration des échangeurs de points Sargal;0;61.35940861701965;02/10/2025 15:11;
1;quel est lévolution Year To Date de la pénétration des échangeurs Sargal au mois de décémbre 2024;0;75.90969800949097;02/10/2025 15:14;
1;Donne moi le Ca pass internationaux du mois de Mars;0;36.0094997882843;02/10/2025 15:16;
1;Quel est l'évolution Year To Date du ca pass internationaux au mois de MAI;0;74.24762415885925;02/10/2025 15:18;
1;Donne moi le Ca des offres de type Pass internet du mois de Janvier;0;68.83692479133606;02/10/2025 15:21;
1;Donne moi le Ca des souscriptions Pass internet du mois de Janvier;0;53.917850971221924;02/10/2025 15:24;
1;Donne moi le montant des souscriptions Pass internet du mois de Janvier;0;61.70435929298401;02/10/2025 15:26;
1;Donne moi le Ca des souscriptions des offres Pass internet du mois de Janvier;0;67.97324967384338;02/10/2025 15:38;
1;Donne moi le Ca des souscriptions des offres Pass internet du mois de Janvier;0;67.32636785507202;02/10/2025 15:43;
1;Quel est l'évolution Year To Date du ca des offres pass internet au mois de Mai;0;381.8639039993286;02/10/2025 15:52;
1;Donne mois le Ca des souscriptions des offres au mois de Mars;0;67.36027216911316;02/10/2025 15:58;
1;Quel est l'évolution Year To Date du ca des souscriptions des offres  au mois de Mars;0;267.80402636528015;02/10/2025 16:04;
1;donne moi le parc actif Orange du mois Janvier;0;44.75719928741455;02/10/2025 16:08;
1;quel est l'évolution du parc en Mars;0;58.4079794883728;02/10/2025 16:11;
1;quel est l'évolution du parc en Mars;0;43.43118691444397;02/10/2025 16:17;
1;je veux la segmentation des recharges des clients par départements en 2025;0;61.57666873931885;02/10/2025 16:19;
1;je veux la segmentation des recharges des clients par départements en 2025;0;53.83128261566162;02/10/2025 16:24;
1;je veux la segmentation des recharges des clients sur les offres par départements en 2025;0;56.96518421173096;02/10/2025 16:30;
1;Quelle est l'évolution du trafic data;0.011837749999999998;42.27487063407898;03/10/2025 10:10;
1;Quelle est l'évolution du trafic data;0.0111061;40.298911333084106;03/10/2025 10:16;
1;Quelle est l'évolution du trafic data;0.010374749999999999;37.11722755432129;03/10/2025 10:22;
1;donne moi le ca des souscritions years to date de 2025;0.012883799999999999;47.066543102264404;03/10/2025 10:51;
1;quelle est l'évolution du trafic data;0.01766105;34.336870193481445;04/10/2025 19:21;
1;donne moi le CA de janvier 2025;0.0156981;39.90127635002136;04/10/2025 19:43;
1;Combien de bénéficiaires ont reçu le cadeau Sargal 10mns d'appel en janvier 2025;0.014611800000000001;44.43524169921875;06/10/2025 11:24;
1;Donne moi le top 5 des types et marques d’appareils les plus utilisés par les clients par zone;0.022009800000000003;39.112744092941284;06/10/2025 11:58;
1;quelles sont les offres les plus souscrites entre 20h et 00h via Orange Money;0.01762055;46.89683294296265;06/10/2025 12:01;
1;quelles sont les offres les plus souscrites entre 20h et 00h via Orange Money;0.0170691;44.487698554992676;06/10/2025 12:38;
1;je veux le chiffre d'affaire généré par les clients internationaux en 2024 et de 2023;0.01639395;48.420429706573486;06/10/2025 12:40;
1;je veux le top 10 des clients qui ont échangé le plus de point sargal en février 2025;0.01635095;50.40235471725464;06/10/2025 12:42;
1;donne moi le parc des takers de l'offre PASS NUIT 5 GO de 2025;0.01415495;32.7477867603302;06/10/2025 13:01;
1;donne moi le parc des takers des souscriptions de l'offre PASS NUIT 5 GO de 2025;0.0144818;54.06130647659302;06/10/2025 13:08;
1;donne moi le parc des takers des souscriptions de l'offre PASS NUIT 5 GO;0.01452325;30.65400266647339;06/10/2025 13:56;
1;donne moi le parc des takers des souscriptions PASS NUIT 5 GO;0.016822800000000002;34.301941871643066;06/10/2025 13:57;
1;Quel segment marché génère le plus de revenus HT par abonné;0.01773205;339.4288640022278;06/10/2025 14:05;
1;donne moi le nombre de clients qui sont data user en avril 2025;0.0228516;39.4618182182312;06/10/2025 14:21;
1;donne le parc des takers des souscriptions illimix 1300 DATA sur le mois de juin;0.01443695;35.719276905059814;06/10/2025 14:25;
1;donne moi le parc des takers des souscriptions illimix 1300 DATA sur le mois de juin;0.0144041;33.585225105285645;06/10/2025 14:27;
1;donne moi le parc des takers des souscriptions illimix 1300;0.012288600000000002;25.81754779815674;06/10/2025 14:29;
1;Quelle est le parc des takers des souscriptions à l'offre illimix 1300 DATA;0.01389235;42.15992569923401;06/10/2025 14:34;
1;Donne-moi le nombre d’abonnés ayant souscrit à ILLIMIX JOUR 500F sur les 3 derniers mois;0.0168467;43.48340320587158;06/10/2025 14:37;
1;Donne-moi le nombre d’abonnés ayant souscrit à l'offre ILLIMIX JOUR 500F sur les 3 derniers mois;0.0173443;47.91176676750183;06/10/2025 14:40;
1;Quelle formule tarifaire génère le plus de trafic 4G sur le mois de juin;0.016370500000000003;37.46319580078125;06/10/2025 14:51;
1;Quel est le chiffre d’affaires total généré par les offres data en 2024 ;0.0160676;38.355737924575806;06/10/2025 14:53;
1;je veux la segmentation des recharges des clients par départements en 2025;0.014736450000000002;33.98854160308838;06/10/2025 14:56;
1;Quel est la variation du Ca entre 2 mois consécutifs en 2025;0;138.7398431301117;06/10/2025 16:36;
1;Donne moi le Ca des offres de type bundle;0;52.628538846969604;06/10/2025 20:49;
1;Donne moi le Ca des souscriptions des offres Pass internet du mois de Janvier;0;24.21471357345581;06/10/2025 20:53;
1;quel est la pénétration des échangeurs de point Sargal au mois de Mars;0;26.73108172416687;06/10/2025 20:56;
1;quel est lévolution Year To Date de la pénétration des échangeurs de point Sargal au mois de décémbre 2024;0;23.941922426223755;06/10/2025 20:58;
1;Quelle est l'évolution du ca data par type de souscription;0;30.485928535461426;06/10/2025 21:01;
1;je veux la Segmentation des clients selon l’intensité d’usage data (actifs réguliers, occasionnels, inactifs).;0;25.63684391975403;06/10/2025 21:04;
1;je veux la Segmentation les utilisateurs illiflex selon la fréquence d’usage;0;20.67712688446045;06/10/2025 21:06;
1;Déterminer la meilleure période de souscription (début mois, mi-mois fin du mois) du mois de janvier;0;26.064773321151733;06/10/2025 21:10;
1;je veux la segmentation des utilisateurs par profils marketing, zones géographiques et formules tarifaires;0;45.89399194717407;06/10/2025 21:13;
1;donne moi ca des recharges de Janvier et de février;0;27.126535654067993;06/10/2025 21:16;
1;je veux le Nombre d’abonnés jeunes souscrit aux offres illiflex par région;0;26.766839265823364;06/10/2025 21:19;
1;determinez les offres les plus souscrites entre 20h et 00h via Orange Money;0;24.492366790771484;06/10/2025 21:24;
1;Quelle est l'évolution du trafic data;0;101.70060896873474;07/10/2025 09:09;
1;quel est l'évolution YTD de la pénétration du parc actif 4G au mois de juin;0;26.59575343132019;07/10/2025 10:13;
1;quelle est l'évolution du trafic data en 2025;0;18.832704305648804;07/10/2025 15:15;
1;donne moi le ca des recharges de février 2025;0;18.104940176010132;07/10/2025 15:57;
1;Donne moi le CA wave de janvier;0;60.07161235809326;09/10/2025 15:05;
1;je veux le volume du trafic data sur le réseau 4G en avril 2025;0;17.913982391357422;09/10/2025 15:28;
1;donne moi le volume d'appels vers Orange et Free;0;15.513549089431763;09/10/2025 15:44;
1;je veux le CA des recharges;0;19.447094202041626;09/10/2025 15:54;
1;donne moi le montant des souscriptions par offres;0;16.024411916732788;09/10/2025 16:15;
1;donne moi le volume d'appels vers Orange , Expresso et Free en janvier;0;58.32521152496338;10/10/2025 08:59;
1;donne moi le CA de juin 2024 à juin 2025;0;72.00175929069519;12/10/2025 19:09;
1;Donne moi le ca de janvier à juin;0;27.15610694885254;12/10/2025 19:41;
1;donne moi le ca payg voix du mois de septembre;0;123.86422824859619;13/10/2025 10:17;
1;donne moi le ca payg du mois de septembre;0;17.975658893585205;13/10/2025 10:26;
1;donne moi le ca payg voix du mois de septembre;0;25.660224676132202;13/10/2025 10:28;
1;donne moi le ca pass internationaux;0;21.002798080444336;13/10/2025 10:32;
1;donne moi le ca des recharges de 2025;0;118.13699007034302;16/10/2025 15:09;
